Run,Assay Type,AvgSpotLen,Bases,BioProject,BioSample,BioSampleModel,Bytes,Center Name,Collection_Date,Consent,DATASTORE filetype,DATASTORE provider,DATASTORE region,Experiment,geo_loc_name_country,geo_loc_name_country_continent,geo_loc_name,Instrument,isolation_source,Library Name,LibraryLayout,LibrarySelection,LibrarySource,Organism,Platform,ReleaseDate,create_date,version,Sample Name,SRA Study,ww_population,ww_sample_duration,ww_sample_matrix,ww_sample_type,ww_surv_target_1_known_present,ww_surv_target_1
SRR27067162,AMPLICON,178,323318001,PRJNA1039783,SAMN38578407,SARS-CoV-2: wastewater surveillance,163374677,PA_DOHBOL,7/6/23,public,"activ_sars2_vcf,run.zq,fastq,sra","gs,ncbi,s3","gs.US,s3.us-east-1,ncbi.public,gs.us-east1",SRX22756606,USA,North America,USA: Pennsylvania,Illumina MiSeq,wastewater,M23036665_library,PAIRED,PCR,METAGENOMIC,wastewater metagenome,ILLUMINA,2023-12-05T00:00:00Z,2023-12-05T08:06:00Z,1,M23036665,SRP475864,125000,24,post grit removal,composite,no,SARS-CoV-2
SRR27067163,AMPLICON,170,189029958,PRJNA1039783,SAMN38578406,SARS-CoV-2: wastewater surveillance,104967051,PA_DOHBOL,7/6/23,public,"fastq,activ_sars2_vcf,sra,run.zq","s3,ncbi,gs","ncbi.public,s3.us-east-1,gs.us-east1,gs.US",SRX22756605,USA,North America,USA: Pennsylvania,Illumina MiSeq,wastewater,M23036664_library,PAIRED,PCR,METAGENOMIC,wastewater metagenome,ILLUMINA,2023-12-05T00:00:00Z,2023-12-05T08:06:00Z,1,M23036664,SRP475864,25000,24,post grit removal,composite,no,SARS-CoV-2
SRR27067164,AMPLICON,170,222379868,PRJNA1039783,SAMN38578405,SARS-CoV-2: wastewater surveillance,115211366,PA_DOHBOL,6/22/23,public,"fastq,run.zq,activ_sars2_vcf,sra","ncbi,s3,gs","ncbi.public,gs.us-east1,gs.US,s3.us-east-1",SRX22756604,USA,North America,USA: Pennsylvania,Illumina MiSeq,wastewater,M23034399_library,PAIRED,PCR,METAGENOMIC,wastewater metagenome,ILLUMINA,2023-12-05T00:00:00Z,2023-12-05T08:06:00Z,1,M23034399,SRP475864,200000,0,raw wastewater,grab,no,SARS-CoV-2
SRR27067165,AMPLICON,169,193358569,PRJNA1039783,SAMN38578404,SARS-CoV-2: wastewater surveillance,102838244,PA_DOHBOL,6/21/23,public,"fastq,activ_sars2_vcf,run.zq,sra","ncbi,s3,gs","gs.us-east1,ncbi.public,s3.us-east-1,gs.US",SRX22756603,USA,North America,USA: Pennsylvania,Illumina MiSeq,wastewater,M23034398_library,PAIRED,PCR,METAGENOMIC,wastewater metagenome,ILLUMINA,2023-12-05T00:00:00Z,2023-12-05T08:06:00Z,1,M23034398,SRP475864,25000,24,post grit removal,composite,no,SARS-CoV-2
SRR27067166,AMPLICON,166,162643234,PRJNA1039783,SAMN38578403,SARS-CoV-2: wastewater surveillance,89286128,PA_DOHBOL,6/22/23,public,"sra,activ_sars2_vcf,fastq,run.zq","s3,gs,ncbi","s3.us-east-1,gs.us-east1,gs.US,ncbi.public",SRX22756602,USA,North America,USA: Pennsylvania,Illumina MiSeq,wastewater,M23034397_library,PAIRED,PCR,METAGENOMIC,wastewater metagenome,ILLUMINA,2023-12-05T00:00:00Z,2023-12-05T08:06:00Z,1,M23034397,SRP475864,30000,24,raw wastewater,composite,no,SARS-CoV-2
SRR27067169,AMPLICON,165,176894822,PRJNA1039783,SAMN38578400,SARS-CoV-2: wastewater surveillance,93644217,PA_DOHBOL,6/15/23,public,"activ_sars2_vcf,run.zq,fastq,sra","ncbi,s3,gs","s3.us-east-1,gs.US,gs.us-east1,ncbi.public",SRX22756599,USA,North America,USA: Pennsylvania,Illumina MiSeq,wastewater,M23033480_library,PAIRED,PCR,METAGENOMIC,wastewater metagenome,ILLUMINA,2023-12-05T00:00:00Z,2023-12-05T08:06:00Z,1,M23033480,SRP475864,6800,24,raw wastewater,composite,no,SARS-CoV-2
SRR27067170,AMPLICON,165,166557728,PRJNA1039783,SAMN38578399,SARS-CoV-2: wastewater surveillance,88225381,PA_DOHBOL,6/13/23,public,"activ_sars2_vcf,run.zq,sra,fastq","s3,gs,ncbi","s3.us-east-1,gs.US,ncbi.public,gs.us-east1",SRX22756598,USA,North America,USA: Pennsylvania,Illumina MiSeq,wastewater,M23033334_library,PAIRED,PCR,METAGENOMIC,wastewater metagenome,ILLUMINA,2023-12-05T00:00:00Z,2023-12-05T08:06:00Z,1,M23033334,SRP475864,30000,24,raw wastewater,composite,no,SARS-CoV-2
SRR27067171,AMPLICON,167,180288147,PRJNA1039783,SAMN38578398,SARS-CoV-2: wastewater surveillance,97322981,PA_DOHBOL,6/1/23,public,"sra,fastq,run.zq,activ_sars2_vcf","ncbi,s3,gs","ncbi.public,s3.us-east-1,gs.us-east1,gs.US",SRX22756597,USA,North America,USA: Pennsylvania,Illumina MiSeq,wastewater,M23031601_library,PAIRED,PCR,METAGENOMIC,wastewater metagenome,ILLUMINA,2023-12-05T00:00:00Z,2023-12-05T08:07:00Z,1,M23031601,SRP475864,200000,24,raw wastewater,composite,no,SARS-CoV-2
SRR27249311,AMPLICON,168,143109777,PRJNA1039783,SAMN38719892,SARS-CoV-2: wastewater surveillance,74326933,PA_DOHBOL,9/11/23,public,"fastq,sra,run.zq,activ_sars2_vcf","s3,gs,ncbi","s3.us-east-1,gs.us-east1,gs.US,ncbi.public",SRX22927502,USA,North America,USA: Pennsylvania,Illumina MiSeq,wastewater,M23043107_library,PAIRED,PCR,METAGENOMIC,wastewater metagenome,ILLUMINA,2023-12-18T00:00:00Z,2023-12-18T16:54:00Z,1,M23043107,SRP475864,67000,24,raw wastewater,composite,no,SARS-CoV-2
SRR27249312,AMPLICON,179,258413633,PRJNA1039783,SAMN38719891,SARS-CoV-2: wastewater surveillance,131326384,PA_DOHBOL,9/12/23,public,"activ_sars2_vcf,run.zq,sra,fastq","s3,ncbi,gs","ncbi.public,s3.us-east-1,gs.US,gs.us-east1",SRX22927501,USA,North America,USA: Pennsylvania,Illumina MiSeq,wastewater,M23043106_library,PAIRED,PCR,METAGENOMIC,wastewater metagenome,ILLUMINA,2023-12-18T00:00:00Z,2023-12-18T16:54:00Z,1,M23043106,SRP475864,28809,24,raw wastewater,composite,no,SARS-CoV-2
SRR27249313,AMPLICON,180,228249169,PRJNA1039783,SAMN38719890,SARS-CoV-2: wastewater surveillance,114160633,PA_DOHBOL,9/11/23,public,"activ_sars2_vcf,run.zq,sra,fastq","ncbi,gs,s3","ncbi.public,gs.US,s3.us-east-1,gs.us-east1",SRX22927500,USA,North America,USA: Pennsylvania,Illumina MiSeq,wastewater,M23043105_library,PAIRED,PCR,METAGENOMIC,wastewater metagenome,ILLUMINA,2023-12-18T00:00:00Z,2023-12-18T16:54:00Z,1,M23043105,SRP475864,28809,24,raw wastewater,composite,no,SARS-CoV-2
SRR27249314,AMPLICON,176,234824170,PRJNA1039783,SAMN38719889,SARS-CoV-2: wastewater surveillance,116593139,PA_DOHBOL,9/11/23,public,"activ_sars2_vcf,fastq,run.zq,sra","s3,ncbi,gs","gs.US,ncbi.public,gs.us-east1,s3.us-east-1",SRX22927499,USA,North America,USA: Pennsylvania,Illumina MiSeq,wastewater,M23043104_library,PAIRED,PCR,METAGENOMIC,wastewater metagenome,ILLUMINA,2023-12-18T00:00:00Z,2023-12-18T16:54:00Z,1,M23043104,SRP475864,16000,24,raw wastewater,composite,no,SARS-CoV-2
SRR27249315,AMPLICON,178,235888841,PRJNA1039783,SAMN38719888,SARS-CoV-2: wastewater surveillance,117778505,PA_DOHBOL,9/13/23,public,"run.zq,sra,activ_sars2_vcf,fastq","gs,s3,ncbi","ncbi.public,s3.us-east-1,gs.US,gs.us-east1",SRX22927498,USA,North America,USA: Pennsylvania,Illumina MiSeq,wastewater,M23043103_library,PAIRED,PCR,METAGENOMIC,wastewater metagenome,ILLUMINA,2023-12-18T00:00:00Z,2023-12-18T16:54:00Z,1,M23043103,SRP475864,16000,24,raw wastewater,composite,no,SARS-CoV-2
SRR27249316,AMPLICON,177,245510106,PRJNA1039783,SAMN38719887,SARS-CoV-2: wastewater surveillance,122955680,PA_DOHBOL,9/13/23,public,"activ_sars2_vcf,fastq,run.zq,sra","ncbi,gs,s3","gs.US,s3.us-east-1,ncbi.public,gs.us-east1",SRX22927497,USA,North America,USA: Pennsylvania,Illumina MiSeq,wastewater,M23043102_library,PAIRED,PCR,METAGENOMIC,wastewater metagenome,ILLUMINA,2023-12-18T00:00:00Z,2023-12-18T16:54:00Z,1,M23043102,SRP475864,85000,24,post grit removal,composite,no,SARS-CoV-2
SRR27249317,AMPLICON,178,228313816,PRJNA1039783,SAMN38719886,SARS-CoV-2: wastewater surveillance,116321360,PA_DOHBOL,9/12/23,public,"fastq,sra,activ_sars2_vcf,run.zq","gs,s3,ncbi","gs.US,s3.us-east-1,gs.us-east1,ncbi.public",SRX22927496,USA,North America,USA: Pennsylvania,Illumina MiSeq,wastewater,M23043101_library,PAIRED,PCR,METAGENOMIC,wastewater metagenome,ILLUMINA,2023-12-18T00:00:00Z,2023-12-18T16:54:00Z,1,M23043101,SRP475864,85000,24,post grit removal,composite,no,SARS-CoV-2
SRR27249318,AMPLICON,180,252475484,PRJNA1039783,SAMN38719885,SARS-CoV-2: wastewater surveillance,124355288,PA_DOHBOL,9/13/23,public,"sra,run.zq,activ_sars2_vcf,fastq","s3,ncbi,gs","ncbi.public,gs.us-east1,gs.US,s3.us-east-1",SRX22927495,USA,North America,USA: Pennsylvania,Illumina MiSeq,wastewater,M23043100_library,PAIRED,PCR,METAGENOMIC,wastewater metagenome,ILLUMINA,2023-12-18T00:00:00Z,2023-12-18T16:54:00Z,1,M23043100,SRP475864,4600,24,post grit removal,composite,no,SARS-CoV-2
SRR27249319,AMPLICON,175,127388773,PRJNA1039783,SAMN38719893,SARS-CoV-2: wastewater surveillance,65885375,PA_DOHBOL,9/13/23,public,"fastq,activ_sars2_vcf,run.zq,sra","gs,s3,ncbi","s3.us-east-1,gs.us-east1,gs.US,ncbi.public",SRX22927494,USA,North America,USA: Pennsylvania,Illumina MiSeq,wastewater,M23043108_library,PAIRED,PCR,METAGENOMIC,wastewater metagenome,ILLUMINA,2023-12-18T00:00:00Z,2023-12-18T16:54:00Z,1,M23043108,SRP475864,67000,24,raw wastewater,composite,no,SARS-CoV-2
SRR27249320,AMPLICON,176,179370895,PRJNA1039783,SAMN38719884,SARS-CoV-2: wastewater surveillance,90137218,PA_DOHBOL,9/12/23,public,"fastq,run.zq,activ_sars2_vcf,sra","ncbi,s3,gs","s3.us-east-1,gs.US,ncbi.public,gs.us-east1",SRX22927493,USA,North America,USA: Pennsylvania,Illumina MiSeq,wastewater,M23043099_library,PAIRED,PCR,METAGENOMIC,wastewater metagenome,ILLUMINA,2023-12-18T00:00:00Z,2023-12-18T16:54:00Z,1,M23043099,SRP475864,4600,24,post grit removal,composite,no,SARS-CoV-2
SRR27249321,AMPLICON,170,121689653,PRJNA1039783,SAMN38719883,SARS-CoV-2: wastewater surveillance,61897654,PA_DOHBOL,9/13/23,public,"sra,fastq,activ_sars2_vcf,run.zq","s3,ncbi,gs","ncbi.public,s3.us-east-1,gs.US,gs.us-east1",SRX22927492,USA,North America,USA: Pennsylvania,Illumina MiSeq,wastewater,M23043098_library,PAIRED,PCR,METAGENOMIC,wastewater metagenome,ILLUMINA,2023-12-18T00:00:00Z,2023-12-18T16:54:00Z,1,M23043098,SRP475864,200000,24,raw wastewater,composite,no,SARS-CoV-2
SRR27249322,AMPLICON,169,173396184,PRJNA1039783,SAMN38719914,SARS-CoV-2: wastewater surveillance,86006809,PA_DOHBOL,10/4/23,public,"sra,run.zq,activ_sars2_vcf,fastq","ncbi,gs,s3","gs.US,ncbi.public,s3.us-east-1,gs.us-east1",SRX22927513,USA,North America,USA: Pennsylvania,Illumina MiSeq,wastewater,M23046767_library,PAIRED,PCR,METAGENOMIC,wastewater metagenome,ILLUMINA,2023-12-18T00:00:00Z,2023-12-18T16:54:00Z,1,M23046767,SRP475864,16000,24,raw wastewater,composite,no,SARS-CoV-2
SRR27249323,AMPLICON,175,240736278,PRJNA1039783,SAMN38719913,SARS-CoV-2: wastewater surveillance,119391601,PA_DOHBOL,10/2/23,public,"run.zq,sra,activ_sars2_vcf,fastq","ncbi,gs,s3","gs.US,s3.us-east-1,ncbi.public,gs.us-east1",SRX22927512,USA,North America,USA: Pennsylvania,Illumina MiSeq,wastewater,M23046766_library,PAIRED,PCR,METAGENOMIC,wastewater metagenome,ILLUMINA,2023-12-18T00:00:00Z,2023-12-18T16:54:00Z,1,M23046766,SRP475864,16000,24,raw wastewater,composite,no,SARS-CoV-2
SRR27249324,AMPLICON,176,251758312,PRJNA1039783,SAMN38719912,SARS-CoV-2: wastewater surveillance,128453330,PA_DOHBOL,10/4/23,public,"activ_sars2_vcf,run.zq,sra,fastq","gs,ncbi,s3","s3.us-east-1,gs.us-east1,ncbi.public,gs.US",SRX22927511,USA,North America,USA: Pennsylvania,Illumina MiSeq,wastewater,M23046765_library,PAIRED,PCR,METAGENOMIC,wastewater metagenome,ILLUMINA,2023-12-18T00:00:00Z,2023-12-18T16:53:00Z,1,M23046765,SRP475864,200000,24,raw wastewater,composite,no,SARS-CoV-2
SRR27249325,AMPLICON,174,219328747,PRJNA1039783,SAMN38719911,SARS-CoV-2: wastewater surveillance,109696135,PA_DOHBOL,10/2/23,public,"sra,activ_sars2_vcf,fastq,run.zq","gs,ncbi,s3","ncbi.public,s3.us-east-1,gs.us-east1,gs.US",SRX22927510,USA,North America,USA: Pennsylvania,Illumina MiSeq,wastewater,M23046764_library,PAIRED,PCR,METAGENOMIC,wastewater metagenome,ILLUMINA,2023-12-18T00:00:00Z,2023-12-18T16:54:00Z,1,M23046764,SRP475864,200000,24,raw wastewater,composite,no,SARS-CoV-2
SRR27249326,AMPLICON,175,285368376,PRJNA1039783,SAMN38719910,SARS-CoV-2: wastewater surveillance,142664989,PA_DOHBOL,10/4/23,public,"run.zq,fastq,activ_sars2_vcf,sra","s3,ncbi,gs","gs.US,gs.us-east1,s3.us-east-1,ncbi.public",SRX22927509,USA,North America,USA: Pennsylvania,Illumina MiSeq,wastewater,M23046763_library,PAIRED,PCR,METAGENOMIC,wastewater metagenome,ILLUMINA,2023-12-18T00:00:00Z,2023-12-18T16:54:00Z,1,M23046763,SRP475864,25000,24,raw wastewater,composite,no,SARS-CoV-2
SRR27249327,AMPLICON,169,111081918,PRJNA1039783,SAMN38719909,SARS-CoV-2: wastewater surveillance,58277072,PA_DOHBOL,10/3/23,public,"activ_sars2_vcf,fastq,run.zq,sra","s3,ncbi,gs","ncbi.public,s3.us-east-1,gs.us-east1,gs.US",SRX22927508,USA,North America,USA: Pennsylvania,Illumina MiSeq,wastewater,M23046762_library,PAIRED,PCR,METAGENOMIC,wastewater metagenome,ILLUMINA,2023-12-18T00:00:00Z,2023-12-18T16:54:00Z,1,M23046762,SRP475864,25000,24,raw wastewater,composite,no,SARS-CoV-2
SRR27249328,AMPLICON,179,142390614,PRJNA1039783,SAMN38719908,SARS-CoV-2: wastewater surveillance,72505760,PA_DOHBOL,10/4/23,public,"activ_sars2_vcf,run.zq,sra,fastq","gs,ncbi,s3","gs.us-east1,ncbi.public,gs.US,s3.us-east-1",SRX22927507,USA,North America,USA: Pennsylvania,Illumina MiSeq,wastewater,M23046761_library,PAIRED,PCR,METAGENOMIC,wastewater metagenome,ILLUMINA,2023-12-18T00:00:00Z,2023-12-18T16:53:00Z,1,M23046761,SRP475864,14194,24,post grit removal,composite,no,SARS-CoV-2
SRR27249329,AMPLICON,176,191262343,PRJNA1039783,SAMN38719907,SARS-CoV-2: wastewater surveillance,95267038,PA_DOHBOL,10/2/23,public,"run.zq,fastq,activ_sars2_vcf,sra","ncbi,s3,gs","gs.US,ncbi.public,s3.us-east-1,gs.us-east1",SRX22927506,USA,North America,USA: Pennsylvania,Illumina MiSeq,wastewater,M23046760_library,PAIRED,PCR,METAGENOMIC,wastewater metagenome,ILLUMINA,2023-12-18T00:00:00Z,2023-12-18T16:54:00Z,1,M23046760,SRP475864,14194,24,post grit removal,composite,no,SARS-CoV-2
SRR27249330,AMPLICON,171,202603956,PRJNA1039783,SAMN38719915,SARS-CoV-2: wastewater surveillance,101924709,PA_DOHBOL,10/4/23,public,"run.zq,activ_sars2_vcf,fastq,sra","s3,ncbi,gs","s3.us-east-1,gs.us-east1,ncbi.public,gs.US",SRX22927505,USA,North America,USA: Pennsylvania,Illumina MiSeq,wastewater,M23046768_library,PAIRED,PCR,METAGENOMIC,wastewater metagenome,ILLUMINA,2023-12-18T00:00:00Z,2023-12-18T16:54:00Z,1,M23046768,SRP475864,13500,24,raw wastewater,composite,no,SARS-CoV-2
SRR27249331,AMPLICON,174,173748816,PRJNA1039783,SAMN38719906,SARS-CoV-2: wastewater surveillance,86741273,PA_DOHBOL,10/4/23,public,"fastq,sra,run.zq,activ_sars2_vcf","ncbi,s3,gs","gs.US,gs.us-east1,ncbi.public,s3.us-east-1",SRX22927504,USA,North America,USA: Pennsylvania,Illumina MiSeq,wastewater,M23046759_library,PAIRED,PCR,METAGENOMIC,wastewater metagenome,ILLUMINA,2023-12-18T00:00:00Z,2023-12-18T16:53:00Z,1,M23046759,SRP475864,30000,24,raw wastewater,composite,no,SARS-CoV-2
SRR27249332,AMPLICON,151,69190509,PRJNA1039783,SAMN38719905,SARS-CoV-2: wastewater surveillance,35665684,PA_DOHBOL,10/2/23,public,"sra,fastq,activ_sars2_vcf,run.zq","gs,ncbi,s3","ncbi.public,s3.us-east-1,gs.US,gs.us-east1",SRX22927503,USA,North America,USA: Pennsylvania,Illumina MiSeq,wastewater,M23046758_library,PAIRED,PCR,METAGENOMIC,wastewater metagenome,ILLUMINA,2023-12-18T00:00:00Z,2023-12-18T16:54:00Z,1,M23046758,SRP475864,30000,24,raw wastewater,composite,no,SARS-CoV-2
SRR27249333,AMPLICON,178,270519573,PRJNA1039783,SAMN38718677,SARS-CoV-2: wastewater surveillance,140161615,PA_DOHBOL,9/4/23,public,"activ_sars2_vcf,fastq,sra,run.zq","ncbi,gs,s3","s3.us-east-1,gs.US,gs.us-east1,ncbi.public",SRX22927524,USA,North America,USA: Pennsylvania,Illumina MiSeq,wastewater,M23041757_library,PAIRED,PCR,METAGENOMIC,wastewater metagenome,ILLUMINA,2023-12-18T00:00:00Z,2023-12-18T16:54:00Z,1,M23041757,SRP475864,25000,24,post grit removal,composite,no,SARS-CoV-2
SRR27249334,AMPLICON,180,185151733,PRJNA1039783,SAMN38718676,SARS-CoV-2: wastewater surveillance,96488791,PA_DOHBOL,9/5/23,public,"sra,run.zq,fastq,activ_sars2_vcf","gs,ncbi,s3","gs.US,ncbi.public,gs.us-east1,s3.us-east-1",SRX22927523,USA,North America,USA: Pennsylvania,Illumina MiSeq,wastewater,M23041758_library,PAIRED,PCR,METAGENOMIC,wastewater metagenome,ILLUMINA,2023-12-18T00:00:00Z,2023-12-18T16:54:00Z,1,M23041758,SRP475864,25000,24,post grit removal,composite,no,SARS-CoV-2
SRR27249335,AMPLICON,173,86620030,PRJNA1039783,SAMN38718675,SARS-CoV-2: wastewater surveillance,46638648,PA_DOHBOL,9/5/23,public,"run.zq,sra,activ_sars2_vcf,fastq","s3,ncbi,gs","ncbi.public,gs.us-east1,gs.US,s3.us-east-1",SRX22927522,USA,North America,USA: Pennsylvania,Illumina MiSeq,wastewater,M23041838_library,PAIRED,PCR,METAGENOMIC,wastewater metagenome,ILLUMINA,2023-12-18T00:00:00Z,2023-12-18T16:54:00Z,1,M23041838,SRP475864,30000,24,raw wastewater,composite,no,SARS-CoV-2
SRR27249336,AMPLICON,175,193987038,PRJNA1039783,SAMN38718674,SARS-CoV-2: wastewater surveillance,101742922,PA_DOHBOL,9/6/23,public,"sra,fastq,activ_sars2_vcf,run.zq","gs,s3,ncbi","ncbi.public,gs.us-east1,gs.US,s3.us-east-1",SRX22927521,USA,North America,USA: Pennsylvania,Illumina MiSeq,wastewater,M23041839_library,PAIRED,PCR,METAGENOMIC,wastewater metagenome,ILLUMINA,2023-12-18T00:00:00Z,2023-12-18T16:54:00Z,1,M23041839,SRP475864,30000,24,raw wastewater,composite,no,SARS-CoV-2
SRR27249337,AMPLICON,178,260523266,PRJNA1039783,SAMN38718673,SARS-CoV-2: wastewater surveillance,132177703,PA_DOHBOL,9/5/23,public,"run.zq,activ_sars2_vcf,fastq,sra","gs,s3,ncbi","gs.US,ncbi.public,gs.us-east1,s3.us-east-1",SRX22927520,USA,North America,USA: Pennsylvania,Illumina MiSeq,wastewater,M23041840_library,PAIRED,PCR,METAGENOMIC,wastewater metagenome,ILLUMINA,2023-12-18T00:00:00Z,2023-12-18T16:55:00Z,1,M23041840,SRP475864,13500,24,raw wastewater,composite,no,SARS-CoV-2
SRR27249338,AMPLICON,179,270043751,PRJNA1039783,SAMN38718672,SARS-CoV-2: wastewater surveillance,141175846,PA_DOHBOL,9/4/23,public,"sra,run.zq,fastq,activ_sars2_vcf","s3,ncbi,gs","ncbi.public,gs.us-east1,s3.us-east-1,gs.US",SRX22927519,USA,North America,USA: Pennsylvania,Illumina MiSeq,wastewater,M23042142_library,PAIRED,PCR,METAGENOMIC,wastewater metagenome,ILLUMINA,2023-12-18T00:00:00Z,2023-12-18T16:54:00Z,1,M23042142,SRP475864,14194,24,post grit removal,composite,no,SARS-CoV-2
SRR27249339,AMPLICON,176,237708294,PRJNA1039783,SAMN38718671,SARS-CoV-2: wastewater surveillance,121882537,PA_DOHBOL,9/11/23,public,"activ_sars2_vcf,sra,run.zq,fastq","gs,s3,ncbi","s3.us-east-1,gs.us-east1,ncbi.public,gs.US",SRX22927518,USA,North America,USA: Pennsylvania,Illumina MiSeq,wastewater,M23042866_library,PAIRED,PCR,METAGENOMIC,wastewater metagenome,ILLUMINA,2023-12-18T00:00:00Z,2023-12-18T16:54:00Z,1,M23042866,SRP475864,33350,24,raw wastewater,composite,no,SARS-CoV-2
SRR27249340,AMPLICON,176,240409631,PRJNA1039783,SAMN38718670,SARS-CoV-2: wastewater surveillance,125568470,PA_DOHBOL,9/12/23,public,"sra,activ_sars2_vcf,fastq,run.zq","gs,s3,ncbi","gs.us-east1,ncbi.public,s3.us-east-1,gs.US",SRX22927517,USA,North America,USA: Pennsylvania,Illumina MiSeq,wastewater,M23042867_library,PAIRED,PCR,METAGENOMIC,wastewater metagenome,ILLUMINA,2023-12-18T00:00:00Z,2023-12-18T16:54:00Z,1,M23042867,SRP475864,33350,24,raw wastewater,composite,no,SARS-CoV-2
SRR27249341,AMPLICON,177,239335490,PRJNA1039783,SAMN38718678,SARS-CoV-2: wastewater surveillance,122068173,PA_DOHBOL,9/5/23,public,"sra,fastq,run.zq,activ_sars2_vcf","gs,s3,ncbi","ncbi.public,gs.US,gs.us-east1,s3.us-east-1",SRX22927516,USA,North America,USA: Pennsylvania,Illumina MiSeq,wastewater,M23041756_library,PAIRED,PCR,METAGENOMIC,wastewater metagenome,ILLUMINA,2023-12-18T00:00:00Z,2023-12-18T16:54:00Z,1,M23041756,SRP475864,6800,24,raw wastewater,composite,no,SARS-CoV-2
SRR27249342,AMPLICON,178,261577322,PRJNA1039783,SAMN38718669,SARS-CoV-2: wastewater surveillance,136056635,PA_DOHBOL,9/26/23,public,"run.zq,fastq,activ_sars2_vcf,sra","s3,ncbi,gs","ncbi.public,gs.US,gs.us-east1,s3.us-east-1",SRX22927515,USA,North America,USA: Pennsylvania,Illumina MiSeq,wastewater,M23045216_library,PAIRED,PCR,METAGENOMIC,wastewater metagenome,ILLUMINA,2023-12-18T00:00:00Z,2023-12-18T16:54:00Z,1,M23045216,SRP475864,33350,24,raw wastewater,composite,no,SARS-CoV-2
SRR27249343,AMPLICON,178,266620527,PRJNA1039783,SAMN38718668,SARS-CoV-2: wastewater surveillance,136088720,PA_DOHBOL,9/25/23,public,"sra,activ_sars2_vcf,run.zq,fastq","s3,ncbi,gs","s3.us-east-1,gs.US,ncbi.public,gs.us-east1",SRX22927514,USA,North America,USA: Pennsylvania,Illumina MiSeq,wastewater,M23045217_library,PAIRED,PCR,METAGENOMIC,wastewater metagenome,ILLUMINA,2023-12-18T00:00:00Z,2023-12-18T16:54:00Z,1,M23045217,SRP475864,33350,24,raw wastewater,composite,no,SARS-CoV-2
SRR27250245,AMPLICON,177,339673573,PRJNA1039783,SAMN38720370,SARS-CoV-2: wastewater surveillance,179937676,PA_DOHBOL,10/8/23,public,"sra,run.zq,activ_sars2_vcf,fastq","gs,s3,ncbi","s3.us-east-1,gs.us-east1,gs.US,ncbi.public",SRX22928436,USA,North America,USA: Pennsylvania,Illumina MiSeq,wastewater,M23047541_library,PAIRED,PCR,METAGENOMIC,wastewater metagenome,ILLUMINA,2023-12-18T00:00:00Z,2023-12-18T17:46:00Z,1,M23047541,SRP475864,200000,24,raw wastewater,composite,no,SARS-CoV-2
SRR27250246,AMPLICON,178,293675084,PRJNA1039783,SAMN38720369,SARS-CoV-2: wastewater surveillance,159765095,PA_DOHBOL,10/10/23,public,"sra,activ_sars2_vcf,fastq,run.zq","gs,ncbi,s3","s3.us-east-1,ncbi.public,gs.us-east1,gs.US",SRX22928435,USA,North America,USA: Pennsylvania,Illumina MiSeq,wastewater,M23047540_library,PAIRED,PCR,METAGENOMIC,wastewater metagenome,ILLUMINA,2023-12-18T00:00:00Z,2023-12-18T17:46:00Z,1,M23047540,SRP475864,25000,24,post grit removal,composite,no,SARS-CoV-2
SRR27250247,AMPLICON,181,207921184,PRJNA1039783,SAMN38720368,SARS-CoV-2: wastewater surveillance,111850879,PA_DOHBOL,10/10/23,public,"fastq,sra,activ_sars2_vcf,run.zq","gs,ncbi,s3","ncbi.public,s3.us-east-1,gs.us-east1,gs.US",SRX22928434,USA,North America,USA: Pennsylvania,Illumina MiSeq,wastewater,M23047525_library,PAIRED,PCR,METAGENOMIC,wastewater metagenome,ILLUMINA,2023-12-18T00:00:00Z,2023-12-18T17:46:00Z,1,M23047525,SRP475864,15700,24,raw wastewater,composite,no,SARS-CoV-2
SRR27250248,AMPLICON,180,320784712,PRJNA1039783,SAMN38720367,SARS-CoV-2: wastewater surveillance,169308337,PA_DOHBOL,10/9/23,public,"fastq,sra,activ_sars2_vcf,run.zq","ncbi,s3,gs","gs.us-east1,ncbi.public,s3.us-east-1,gs.US",SRX22928433,USA,North America,USA: Pennsylvania,Illumina MiSeq,wastewater,M23047524_library,PAIRED,PCR,METAGENOMIC,wastewater metagenome,ILLUMINA,2023-12-18T00:00:00Z,2023-12-18T17:47:00Z,1,M23047524,SRP475864,15700,24,raw wastewater,composite,no,SARS-CoV-2
SRR27250249,AMPLICON,175,263154786,PRJNA1039783,SAMN38720366,SARS-CoV-2: wastewater surveillance,140861601,PA_DOHBOL,10/10/23,public,"activ_sars2_vcf,run.zq,fastq,sra","ncbi,gs,s3","ncbi.public,s3.us-east-1,gs.US,gs.us-east1",SRX22928432,USA,North America,USA: Pennsylvania,Illumina MiSeq,wastewater,M23047523_library,PAIRED,PCR,METAGENOMIC,wastewater metagenome,ILLUMINA,2023-12-18T00:00:00Z,2023-12-18T17:47:00Z,1,M23047523,SRP475864,33350,24,raw wastewater,composite,no,SARS-CoV-2
SRR27250250,AMPLICON,178,234143529,PRJNA1039783,SAMN38720365,SARS-CoV-2: wastewater surveillance,125539467,PA_DOHBOL,10/9/23,public,"run.zq,activ_sars2_vcf,sra,fastq","s3,ncbi,gs","gs.us-east1,gs.US,s3.us-east-1,ncbi.public",SRX22928431,USA,North America,USA: Pennsylvania,Illumina MiSeq,wastewater,M23047522_library,PAIRED,PCR,METAGENOMIC,wastewater metagenome,ILLUMINA,2023-12-18T00:00:00Z,2023-12-18T17:46:00Z,1,M23047522,SRP475864,33350,24,raw wastewater,composite,no,SARS-CoV-2
SRR27250251,AMPLICON,182,152982772,PRJNA1039783,SAMN38720364,SARS-CoV-2: wastewater surveillance,81713478,PA_DOHBOL,10/9/23,public,"run.zq,activ_sars2_vcf,sra,fastq","ncbi,gs,s3","gs.US,gs.us-east1,ncbi.public,s3.us-east-1",SRX22928430,USA,North America,USA: Pennsylvania,Illumina MiSeq,wastewater,M23047521_library,PAIRED,PCR,METAGENOMIC,wastewater metagenome,ILLUMINA,2023-12-18T00:00:00Z,2023-12-18T17:46:00Z,1,M23047521,SRP475864,10500,24,post grit removal,composite,no,SARS-CoV-2
SRR27250252,AMPLICON,177,272957531,PRJNA1039783,SAMN38720363,SARS-CoV-2: wastewater surveillance,147102515,PA_DOHBOL,10/9/23,public,"fastq,run.zq,activ_sars2_vcf,sra","s3,gs,ncbi","s3.us-east-1,ncbi.public,gs.us-east1,gs.US",SRX22928429,USA,North America,USA: Pennsylvania,Illumina MiSeq,wastewater,M23047519_library,PAIRED,PCR,METAGENOMIC,wastewater metagenome,ILLUMINA,2023-12-18T00:00:00Z,2023-12-18T17:46:00Z,1,M23047519,SRP475864,125000,24,post grit removal,composite,no,SARS-CoV-2
SRR27250253,AMPLICON,174,237004344,PRJNA1039783,SAMN38720371,SARS-CoV-2: wastewater surveillance,125726228,PA_DOHBOL,10/10/23,public,"fastq,sra,activ_sars2_vcf,run.zq","gs,ncbi,s3","s3.us-east-1,gs.us-east1,ncbi.public,gs.US",SRX22928428,USA,North America,USA: Pennsylvania,Illumina MiSeq,wastewater,M23047544_library,PAIRED,PCR,METAGENOMIC,wastewater metagenome,ILLUMINA,2023-12-18T00:00:00Z,2023-12-18T17:46:00Z,1,M23047544,SRP475864,4000,24,raw wastewater,composite,no,SARS-CoV-2
SRR27250254,AMPLICON,174,211785247,PRJNA1039783,SAMN38720362,SARS-CoV-2: wastewater surveillance,114099263,PA_DOHBOL,10/10/23,public,"activ_sars2_vcf,fastq,sra,run.zq","gs,ncbi,s3","gs.us-east1,ncbi.public,gs.US,s3.us-east-1",SRX22928427,USA,North America,USA: Pennsylvania,Illumina MiSeq,wastewater,M23047517_library,PAIRED,PCR,METAGENOMIC,wastewater metagenome,ILLUMINA,2023-12-18T00:00:00Z,2023-12-18T17:52:00Z,1,M23047517,SRP475864,6800,24,raw wastewater,composite,no,SARS-CoV-2
SRR27250255,AMPLICON,172,182011323,PRJNA1039783,SAMN38720361,SARS-CoV-2: wastewater surveillance,97347727,PA_DOHBOL,10/9/23,public,"sra,fastq,activ_sars2_vcf,run.zq","ncbi,gs,s3","gs.us-east1,ncbi.public,s3.us-east-1,gs.US",SRX22928426,USA,North America,USA: Pennsylvania,Illumina MiSeq,wastewater,M23047516_library,PAIRED,PCR,METAGENOMIC,wastewater metagenome,ILLUMINA,2023-12-18T00:00:00Z,2023-12-18T17:51:00Z,1,M23047516,SRP475864,6800,24,raw wastewater,composite,no,SARS-CoV-2
SRR27250256,AMPLICON,177,174426219,PRJNA1039783,SAMN38719980,SARS-CoV-2: wastewater surveillance,87308453,PA_DOHBOL,10/1/23,public,"fastq,run.zq,sra,activ_sars2_vcf","gs,ncbi,s3","gs.US,gs.us-east1,s3.us-east-1,ncbi.public",SRX22928447,USA,North America,USA: Pennsylvania,Illumina MiSeq,wastewater,M23046477_library,PAIRED,PCR,METAGENOMIC,wastewater metagenome,ILLUMINA,2023-12-18T00:00:00Z,2023-12-18T17:53:00Z,1,M23046477,SRP475864,10500,24,post grit removal,composite,no,SARS-CoV-2
SRR27250257,AMPLICON,174,178325165,PRJNA1039783,SAMN38719979,SARS-CoV-2: wastewater surveillance,89539915,PA_DOHBOL,10/4/23,public,"activ_sars2_vcf,sra,run.zq,fastq","ncbi,s3,gs","gs.US,ncbi.public,gs.us-east1,s3.us-east-1",SRX22928446,USA,North America,USA: Pennsylvania,Illumina MiSeq,wastewater,M23046777_library,PAIRED,PCR,METAGENOMIC,wastewater metagenome,ILLUMINA,2023-12-18T00:00:00Z,2023-12-18T17:53:00Z,1,M23046777,SRP475864,67000,24,raw wastewater,composite,no,SARS-CoV-2
SRR27250258,AMPLICON,179,213284726,PRJNA1039783,SAMN38719978,SARS-CoV-2: wastewater surveillance,104719601,PA_DOHBOL,10/4/23,public,"activ_sars2_vcf,fastq,run.zq,sra","ncbi,s3,gs","gs.US,ncbi.public,gs.us-east1,s3.us-east-1",SRX22928445,USA,North America,USA: Pennsylvania,Illumina MiSeq,wastewater,M23046776_library,PAIRED,PCR,METAGENOMIC,wastewater metagenome,ILLUMINA,2023-12-18T00:00:00Z,2023-12-18T17:53:00Z,1,M23046776,SRP475864,4600,24,post grit removal,composite,no,SARS-CoV-2
SRR27250259,AMPLICON,179,218739519,PRJNA1039783,SAMN38719977,SARS-CoV-2: wastewater surveillance,106375787,PA_DOHBOL,10/3/23,public,"sra,fastq,activ_sars2_vcf,run.zq","ncbi,s3,gs","gs.US,gs.us-east1,s3.us-east-1,ncbi.public",SRX22928444,USA,North America,USA: Pennsylvania,Illumina MiSeq,wastewater,M23046775_library,PAIRED,PCR,METAGENOMIC,wastewater metagenome,ILLUMINA,2023-12-18T00:00:00Z,2023-12-18T17:53:00Z,1,M23046775,SRP475864,4600,24,post grit removal,composite,no,SARS-CoV-2
SRR27250260,AMPLICON,176,201511244,PRJNA1039783,SAMN38719976,SARS-CoV-2: wastewater surveillance,99653062,PA_DOHBOL,10/4/23,public,"sra,fastq,run.zq,activ_sars2_vcf","gs,ncbi,s3","s3.us-east-1,gs.US,ncbi.public,gs.us-east1",SRX22928443,USA,North America,USA: Pennsylvania,Illumina MiSeq,wastewater,M23046774_library,PAIRED,PCR,METAGENOMIC,wastewater metagenome,ILLUMINA,2023-12-18T00:00:00Z,2023-12-18T17:53:00Z,1,M23046774,SRP475864,85000,24,post grit removal,composite,no,SARS-CoV-2
SRR27250261,AMPLICON,177,193653372,PRJNA1039783,SAMN38719975,SARS-CoV-2: wastewater surveillance,96038567,PA_DOHBOL,10/3/23,public,"run.zq,sra,fastq,activ_sars2_vcf","s3,ncbi,gs","ncbi.public,gs.us-east1,gs.US,s3.us-east-1",SRX22928442,USA,North America,USA: Pennsylvania,Illumina MiSeq,wastewater,M23046773_library,PAIRED,PCR,METAGENOMIC,wastewater metagenome,ILLUMINA,2023-12-18T00:00:00Z,2023-12-18T17:53:00Z,1,M23046773,SRP475864,85000,24,post grit removal,composite,no,SARS-CoV-2
SRR27250262,AMPLICON,178,187640540,PRJNA1039783,SAMN38719974,SARS-CoV-2: wastewater surveillance,99001308,PA_DOHBOL,10/4/23,public,"activ_sars2_vcf,run.zq,fastq,sra","s3,ncbi,gs","ncbi.public,gs.us-east1,gs.US,s3.us-east-1",SRX22928441,USA,North America,USA: Pennsylvania,Illumina MiSeq,wastewater,M23046772_library,PAIRED,PCR,METAGENOMIC,wastewater metagenome,ILLUMINA,2023-12-18T00:00:00Z,2023-12-18T17:53:00Z,1,M23046772,SRP475864,19000,24,post grit removal,composite,no,SARS-CoV-2
SRR27250263,AMPLICON,175,150975739,PRJNA1039783,SAMN38719973,SARS-CoV-2: wastewater surveillance,80030178,PA_DOHBOL,10/2/23,public,"run.zq,sra,fastq,activ_sars2_vcf","s3,ncbi,gs","ncbi.public,s3.us-east-1,gs.us-east1,gs.US",SRX22928440,USA,North America,USA: Pennsylvania,Illumina MiSeq,wastewater,M23046771_library,PAIRED,PCR,METAGENOMIC,wastewater metagenome,ILLUMINA,2023-12-18T00:00:00Z,2023-12-18T17:52:00Z,1,M23046771,SRP475864,19000,24,post grit removal,composite,no,SARS-CoV-2
SRR27250264,AMPLICON,175,196584653,PRJNA1039783,SAMN38719981,SARS-CoV-2: wastewater surveillance,97699311,PA_DOHBOL,10/2/23,public,"run.zq,sra,fastq,activ_sars2_vcf","ncbi,s3,gs","s3.us-east-1,ncbi.public,gs.us-east1,gs.US",SRX22928439,USA,North America,USA: Pennsylvania,Illumina MiSeq,wastewater,M23046478_library,PAIRED,PCR,METAGENOMIC,wastewater metagenome,ILLUMINA,2023-12-18T00:00:00Z,2023-12-18T17:52:00Z,1,M23046478,SRP475864,10500,24,post grit removal,composite,no,SARS-CoV-2
SRR27250265,AMPLICON,174,165707614,PRJNA1039783,SAMN38719972,SARS-CoV-2: wastewater surveillance,82072506,PA_DOHBOL,10/3/23,public,"activ_sars2_vcf,sra,fastq,run.zq","ncbi,gs,s3","gs.us-east1,ncbi.public,gs.US,s3.us-east-1",SRX22928438,USA,North America,USA: Pennsylvania,Illumina MiSeq,wastewater,M23046770_library,PAIRED,PCR,METAGENOMIC,wastewater metagenome,ILLUMINA,2023-12-18T00:00:00Z,2023-12-18T17:53:00Z,1,M23046770,SRP475864,28809,24,raw wastewater,composite,no,SARS-CoV-2
SRR27250266,AMPLICON,179,150995968,PRJNA1039783,SAMN38719971,SARS-CoV-2: wastewater surveillance,76098957,PA_DOHBOL,10/2/23,public,"fastq,sra,run.zq,activ_sars2_vcf","gs,s3,ncbi","gs.US,gs.us-east1,ncbi.public,s3.us-east-1",SRX22928437,USA,North America,USA: Pennsylvania,Illumina MiSeq,wastewater,M23046769_library,PAIRED,PCR,METAGENOMIC,wastewater metagenome,ILLUMINA,2023-12-18T00:00:00Z,2023-12-18T17:53:00Z,1,M23046769,SRP475864,28809,24,raw wastewater,composite,no,SARS-CoV-2
SRR27250334,AMPLICON,177,219946981,PRJNA1039783,SAMN38720444,SARS-CoV-2: wastewater surveillance,119248488,PA_DOHBOL,10/17/23,public,"sra,fastq,run.zq,activ_sars2_vcf","gs,ncbi,s3","s3.us-east-1,gs.us-east1,gs.US,ncbi.public",SRX22928525,USA,North America,USA: Pennsylvania,Illumina MiSeq,wastewater,M23048675_library,PAIRED,PCR,METAGENOMIC,wastewater metagenome,ILLUMINA,2023-12-18T00:00:00Z,2023-12-18T17:53:00Z,1,M23048675,SRP475864,25000,24,post grit removal,composite,no,SARS-CoV-2
SRR27250335,AMPLICON,175,214185895,PRJNA1039783,SAMN38720443,SARS-CoV-2: wastewater surveillance,108406448,PA_DOHBOL,10/16/23,public,"sra,run.zq,fastq,activ_sars2_vcf","ncbi,gs,s3","gs.us-east1,s3.us-east-1,ncbi.public,gs.US",SRX22928524,USA,North America,USA: Pennsylvania,Illumina MiSeq,wastewater,M23048674_library,PAIRED,PCR,METAGENOMIC,wastewater metagenome,ILLUMINA,2023-12-18T00:00:00Z,2023-12-18T17:53:00Z,1,M23048674,SRP475864,25000,24,post grit removal,composite,no,SARS-CoV-2
SRR27250336,AMPLICON,179,284418301,PRJNA1039783,SAMN38720442,SARS-CoV-2: wastewater surveillance,141090576,PA_DOHBOL,10/17/23,public,"sra,activ_sars2_vcf,fastq,run.zq","gs,s3,ncbi","s3.us-east-1,gs.US,gs.us-east1,ncbi.public",SRX22928523,USA,North America,USA: Pennsylvania,Illumina MiSeq,wastewater,M23048673_library,PAIRED,PCR,METAGENOMIC,wastewater metagenome,ILLUMINA,2023-12-18T00:00:00Z,2023-12-18T17:52:00Z,1,M23048673,SRP475864,15700,24,raw wastewater,composite,no,SARS-CoV-2
SRR27250337,AMPLICON,180,262191978,PRJNA1039783,SAMN38720441,SARS-CoV-2: wastewater surveillance,131448073,PA_DOHBOL,10/16/23,public,"sra,run.zq,activ_sars2_vcf,fastq","gs,s3,ncbi","s3.us-east-1,gs.US,ncbi.public,gs.us-east1",SRX22928522,USA,North America,USA: Pennsylvania,Illumina MiSeq,wastewater,M23048672_library,PAIRED,PCR,METAGENOMIC,wastewater metagenome,ILLUMINA,2023-12-18T00:00:00Z,2023-12-18T17:53:00Z,1,M23048672,SRP475864,15700,24,raw wastewater,composite,no,SARS-CoV-2
SRR27250338,AMPLICON,171,169810738,PRJNA1039783,SAMN38720440,SARS-CoV-2: wastewater surveillance,86045874,PA_DOHBOL,10/17/23,public,"fastq,sra,activ_sars2_vcf,run.zq","ncbi,gs,s3","s3.us-east-1,ncbi.public,gs.US,gs.us-east1",SRX22928521,USA,North America,USA: Pennsylvania,Illumina MiSeq,wastewater,M23048671_library,PAIRED,PCR,METAGENOMIC,wastewater metagenome,ILLUMINA,2023-12-18T00:00:00Z,2023-12-18T17:52:00Z,1,M23048671,SRP475864,6800,24,raw wastewater,composite,no,SARS-CoV-2
SRR27250339,AMPLICON,177,195543816,PRJNA1039783,SAMN38720439,SARS-CoV-2: wastewater surveillance,98807867,PA_DOHBOL,10/16/23,public,"run.zq,fastq,sra,activ_sars2_vcf","s3,ncbi,gs","gs.us-east1,gs.US,ncbi.public,s3.us-east-1",SRX22928520,USA,North America,USA: Pennsylvania,Illumina MiSeq,wastewater,M23048670_library,PAIRED,PCR,METAGENOMIC,wastewater metagenome,ILLUMINA,2023-12-18T00:00:00Z,2023-12-18T17:52:00Z,1,M23048670,SRP475864,6800,24,raw wastewater,composite,no,SARS-CoV-2
SRR27250340,AMPLICON,183,179064740,PRJNA1039783,SAMN38720438,SARS-CoV-2: wastewater surveillance,93623034,PA_DOHBOL,10/16/23,public,"fastq,sra,run.zq,activ_sars2_vcf","ncbi,s3,gs","gs.US,s3.us-east-1,ncbi.public,gs.us-east1",SRX22928519,USA,North America,USA: Pennsylvania,Illumina MiSeq,wastewater,M23048669_library,PAIRED,PCR,METAGENOMIC,wastewater metagenome,ILLUMINA,2023-12-18T00:00:00Z,2023-12-18T17:52:00Z,1,M23048669,SRP475864,125000,24,post grit removal,composite,no,SARS-CoV-2
SRR27250341,AMPLICON,179,227474469,PRJNA1039783,SAMN38720437,SARS-CoV-2: wastewater surveillance,115229410,PA_DOHBOL,10/15/23,public,"fastq,sra,run.zq,activ_sars2_vcf","gs,s3,ncbi","ncbi.public,gs.us-east1,gs.US,s3.us-east-1",SRX22928518,USA,North America,USA: Pennsylvania,Illumina MiSeq,wastewater,M23048668_library,PAIRED,PCR,METAGENOMIC,wastewater metagenome,ILLUMINA,2023-12-18T00:00:00Z,2023-12-18T17:52:00Z,1,M23048668,SRP475864,125000,24,post grit removal,composite,no,SARS-CoV-2
SRR27250342,AMPLICON,178,258195620,PRJNA1039783,SAMN38720445,SARS-CoV-2: wastewater surveillance,128613888,PA_DOHBOL,10/16/23,public,"activ_sars2_vcf,sra,run.zq,fastq","ncbi,gs,s3","gs.US,gs.us-east1,ncbi.public,s3.us-east-1",SRX22928517,USA,North America,USA: Pennsylvania,Illumina MiSeq,wastewater,M23048676_library,PAIRED,PCR,METAGENOMIC,wastewater metagenome,ILLUMINA,2023-12-18T00:00:00Z,2023-12-18T17:53:00Z,1,M23048676,SRP475864,33350,24,raw wastewater,composite,no,SARS-CoV-2
SRR27250343,AMPLICON,173,184073933,PRJNA1039783,SAMN38720436,SARS-CoV-2: wastewater surveillance,93846196,PA_DOHBOL,10/16/23,public,"run.zq,fastq,activ_sars2_vcf,sra","s3,ncbi,gs","gs.US,s3.us-east-1,ncbi.public,gs.us-east1",SRX22928516,USA,North America,USA: Pennsylvania,Illumina MiSeq,wastewater,M23048667_library,PAIRED,PCR,METAGENOMIC,wastewater metagenome,ILLUMINA,2023-12-18T00:00:00Z,2023-12-18T17:52:00Z,1,M23048667,SRP475864,10500,24,post grit removal,composite,no,SARS-CoV-2
SRR27250344,AMPLICON,175,197630649,PRJNA1039783,SAMN38720435,SARS-CoV-2: wastewater surveillance,100190067,PA_DOHBOL,10/15/23,public,"sra,activ_sars2_vcf,run.zq,fastq","ncbi,gs,s3","ncbi.public,gs.us-east1,s3.us-east-1,gs.US",SRX22928515,USA,North America,USA: Pennsylvania,Illumina MiSeq,wastewater,M23048666_library,PAIRED,PCR,METAGENOMIC,wastewater metagenome,ILLUMINA,2023-12-18T00:00:00Z,2023-12-18T17:52:00Z,1,M23048666,SRP475864,10500,24,post grit removal,composite,no,SARS-CoV-2
SRR27251698,AMPLICON,178,279907645,PRJNA1039783,SAMN38718606,SARS-CoV-2: wastewater surveillance,144575975,PA_DOHBOL,7/25/23,public,"sra,run.zq,activ_sars2_vcf,fastq","gs,s3,ncbi","gs.us-east1,ncbi.public,gs.US,s3.us-east-1",SRX22929888,USA,North America,USA: Pennsylvania,Illumina MiSeq,wastewater,M23038969_library,PAIRED,PCR,METAGENOMIC,wastewater metagenome,ILLUMINA,2023-12-18T00:00:00Z,2023-12-18T19:04:00Z,1,M23038969,SRP475864,85000,24,post grit removal,composite,no,SARS-CoV-2
SRR27251699,AMPLICON,177,221866938,PRJNA1039783,SAMN38718605,SARS-CoV-2: wastewater surveillance,116382965,PA_DOHBOL,7/25/23,public,"activ_sars2_vcf,fastq,sra,run.zq","ncbi,s3,gs","gs.US,gs.us-east1,ncbi.public,s3.us-east-1",SRX22929887,USA,North America,USA: Pennsylvania,Illumina MiSeq,wastewater,M23038968_library,PAIRED,PCR,METAGENOMIC,wastewater metagenome,ILLUMINA,2023-12-18T00:00:00Z,2023-12-18T19:03:00Z,1,M23038968,SRP475864,28809,24,raw wastewater,composite,no,SARS-CoV-2
SRR27251700,AMPLICON,178,183878157,PRJNA1039783,SAMN38718604,SARS-CoV-2: wastewater surveillance,101137972,PA_DOHBOL,7/24/23,public,"sra,run.zq,activ_sars2_vcf,fastq","ncbi,s3,gs","gs.us-east1,gs.US,s3.us-east-1,ncbi.public",SRX22929886,USA,North America,USA: Pennsylvania,Illumina MiSeq,wastewater,M23038967_library,PAIRED,PCR,METAGENOMIC,wastewater metagenome,ILLUMINA,2023-12-18T00:00:00Z,2023-12-18T19:03:00Z,1,M23038967,SRP475864,28809,24,raw wastewater,composite,no,SARS-CoV-2
SRR27251701,AMPLICON,175,188031491,PRJNA1039783,SAMN38718603,SARS-CoV-2: wastewater surveillance,99405825,PA_DOHBOL,7/26/23,public,"run.zq,sra,fastq,activ_sars2_vcf","gs,s3,ncbi","s3.us-east-1,gs.us-east1,gs.US,ncbi.public",SRX22929885,USA,North America,USA: Pennsylvania,Illumina MiSeq,wastewater,M23038966_library,PAIRED,PCR,METAGENOMIC,wastewater metagenome,ILLUMINA,2023-12-18T00:00:00Z,2023-12-18T19:03:00Z,1,M23038966,SRP475864,16000,24,raw wastewater,composite,no,SARS-CoV-2
SRR27251702,AMPLICON,168,134081418,PRJNA1039783,SAMN38718602,SARS-CoV-2: wastewater surveillance,71468665,PA_DOHBOL,7/11/23,public,"activ_sars2_vcf,fastq,sra,run.zq","gs,s3,ncbi","gs.us-east1,s3.us-east-1,gs.US,ncbi.public",SRX22929884,USA,North America,USA: Pennsylvania,Illumina MiSeq,wastewater,M23037123_library,PAIRED,PCR,METAGENOMIC,wastewater metagenome,ILLUMINA,2023-12-18T00:00:00Z,2023-12-18T19:03:00Z,1,M23037123,SRP475864,13500,24,raw wastewater,composite,no,SARS-CoV-2
SRR27251703,AMPLICON,176,262788416,PRJNA1039783,SAMN38718601,SARS-CoV-2: wastewater surveillance,139271809,PA_DOHBOL,7/10/23,public,"run.zq,activ_sars2_vcf,fastq,sra","ncbi,s3,gs","gs.us-east1,ncbi.public,gs.US,s3.us-east-1",SRX22929883,USA,North America,USA: Pennsylvania,Illumina MiSeq,wastewater,M23037122_library,PAIRED,PCR,METAGENOMIC,wastewater metagenome,ILLUMINA,2023-12-18T00:00:00Z,2023-12-18T19:04:00Z,1,M23037122,SRP475864,125000,24,post grit removal,composite,no,SARS-CoV-2
SRR27251704,AMPLICON,176,257984025,PRJNA1039783,SAMN38718600,SARS-CoV-2: wastewater surveillance,139342402,PA_DOHBOL,7/9/23,public,"run.zq,fastq,sra,activ_sars2_vcf","s3,gs,ncbi","s3.us-east-1,ncbi.public,gs.us-east1,gs.US",SRX22929882,USA,North America,USA: Pennsylvania,Illumina MiSeq,wastewater,M23037121_library,PAIRED,PCR,METAGENOMIC,wastewater metagenome,ILLUMINA,2023-12-18T00:00:00Z,2023-12-18T19:03:00Z,1,M23037121,SRP475864,125000,24,post grit removal,composite,no,SARS-CoV-2
SRR27251705,AMPLICON,175,187760271,PRJNA1039783,SAMN38718599,SARS-CoV-2: wastewater surveillance,98808011,PA_DOHBOL,7/5/23,public,"activ_sars2_vcf,run.zq,fastq,sra","gs,ncbi,s3","ncbi.public,gs.US,s3.us-east-1,gs.us-east1",SRX22929881,USA,North America,USA: Pennsylvania,Illumina MiSeq,wastewater,M23036668_library,PAIRED,PCR,METAGENOMIC,wastewater metagenome,ILLUMINA,2023-12-18T00:00:00Z,2023-12-18T19:03:00Z,1,M23036668,SRP475864,200000,24,raw wastewater,composite,no,SARS-CoV-2
SRR27251706,AMPLICON,176,218417865,PRJNA1039783,SAMN38718598,SARS-CoV-2: wastewater surveillance,117682997,PA_DOHBOL,7/3/23,public,"activ_sars2_vcf,run.zq,sra,fastq","ncbi,s3,gs","ncbi.public,s3.us-east-1,gs.us-east1,gs.US",SRX22929880,USA,North America,USA: Pennsylvania,Illumina MiSeq,wastewater,M23036667_library,PAIRED,PCR,METAGENOMIC,wastewater metagenome,ILLUMINA,2023-12-18T00:00:00Z,2023-12-18T19:05:00Z,1,M23036667,SRP475864,200000,24,raw wastewater,composite,no,SARS-CoV-2
SRR27251707,AMPLICON,175,190289191,PRJNA1039783,SAMN38718597,SARS-CoV-2: wastewater surveillance,99689211,PA_DOHBOL,7/2/23,public,"sra,run.zq,activ_sars2_vcf,fastq","gs,s3,ncbi","ncbi.public,gs.US,gs.us-east1,s3.us-east-1",SRX22929879,USA,North America,USA: Pennsylvania,Illumina MiSeq,wastewater,M23036666_library,PAIRED,PCR,METAGENOMIC,wastewater metagenome,ILLUMINA,2023-12-18T00:00:00Z,2023-12-18T19:05:00Z,1,M23036666,SRP475864,125000,24,post grit removal,composite,no,SARS-CoV-2
SRR27251710,AMPLICON,178,234177096,PRJNA1039783,SAMN38720418,SARS-CoV-2: wastewater surveillance,136304203,PA_DOHBOL,10/11/23,public,"run.zq,activ_sars2_vcf,fastq,sra","s3,ncbi,gs","gs.us-east1,gs.US,ncbi.public,s3.us-east-1",SRX22929901,USA,North America,USA: Pennsylvania,Illumina MiSeq,wastewater,M23048208_library,PAIRED,PCR,METAGENOMIC,wastewater metagenome,ILLUMINA,2023-12-18T00:00:00Z,2023-12-18T19:03:00Z,1,M23048208,SRP475864,85000,24,post grit removal,composite,no,SARS-CoV-2
SRR27251711,AMPLICON,179,241556951,PRJNA1039783,SAMN38720417,SARS-CoV-2: wastewater surveillance,138093908,PA_DOHBOL,10/10/23,public,"run.zq,activ_sars2_vcf,fastq,sra","s3,gs,ncbi","ncbi.public,s3.us-east-1,gs.us-east1,gs.US",SRX22929900,USA,North America,USA: Pennsylvania,Illumina MiSeq,wastewater,M23048207_library,PAIRED,PCR,METAGENOMIC,wastewater metagenome,ILLUMINA,2023-12-18T00:00:00Z,2023-12-18T19:03:00Z,1,M23048207,SRP475864,85000,0,post grit removal,grab,no,SARS-CoV-2
SRR27251712,AMPLICON,178,203233248,PRJNA1039783,SAMN38720416,SARS-CoV-2: wastewater surveillance,117213626,PA_DOHBOL,10/9/23,public,"activ_sars2_vcf,fastq,run.zq,sra","gs,s3,ncbi","ncbi.public,s3.us-east-1,gs.us-east1,gs.US",SRX22929899,USA,North America,USA: Pennsylvania,Illumina MiSeq,wastewater,M23048205_library,PAIRED,PCR,METAGENOMIC,wastewater metagenome,ILLUMINA,2023-12-18T00:00:00Z,2023-12-18T19:04:00Z,1,M23048205,SRP475864,19000,24,post grit removal,composite,no,SARS-CoV-2
SRR27251713,AMPLICON,178,217277829,PRJNA1039783,SAMN38720415,SARS-CoV-2: wastewater surveillance,124263062,PA_DOHBOL,10/11/23,public,"run.zq,fastq,activ_sars2_vcf,sra","s3,ncbi,gs","ncbi.public,gs.us-east1,s3.us-east-1,gs.US",SRX22929898,USA,North America,USA: Pennsylvania,Illumina MiSeq,wastewater,M23048204_library,PAIRED,PCR,METAGENOMIC,wastewater metagenome,ILLUMINA,2023-12-18T00:00:00Z,2023-12-18T19:04:00Z,1,M23048204,SRP475864,67000,24,raw wastewater,composite,no,SARS-CoV-2
SRR27251714,AMPLICON,174,175095852,PRJNA1039783,SAMN38720414,SARS-CoV-2: wastewater surveillance,99488338,PA_DOHBOL,10/9/23,public,"sra,fastq,activ_sars2_vcf,run.zq","gs,s3,ncbi","ncbi.public,gs.US,gs.us-east1,s3.us-east-1",SRX22929897,USA,North America,USA: Pennsylvania,Illumina MiSeq,wastewater,M23048203_library,PAIRED,PCR,METAGENOMIC,wastewater metagenome,ILLUMINA,2023-12-18T00:00:00Z,2023-12-18T19:04:00Z,1,M23048203,SRP475864,67000,24,raw wastewater,composite,no,SARS-CoV-2
SRR27251715,AMPLICON,175,154236441,PRJNA1039783,SAMN38720413,SARS-CoV-2: wastewater surveillance,90166261,PA_DOHBOL,10/10/23,public,"activ_sars2_vcf,sra,run.zq,fastq","s3,ncbi,gs","gs.us-east1,s3.us-east-1,ncbi.public,gs.US",SRX22929896,USA,North America,USA: Pennsylvania,Illumina MiSeq,wastewater,M23048202_library,PAIRED,PCR,METAGENOMIC,wastewater metagenome,ILLUMINA,2023-12-18T00:00:00Z,2023-12-18T19:04:00Z,1,M23048202,SRP475864,28809,24,raw wastewater,composite,no,SARS-CoV-2
SRR27251716,AMPLICON,174,172920812,PRJNA1039783,SAMN38720412,SARS-CoV-2: wastewater surveillance,98273466,PA_DOHBOL,10/9/23,public,"activ_sars2_vcf,sra,run.zq,fastq","ncbi,s3,gs","s3.us-east-1,gs.us-east1,gs.US,ncbi.public",SRX22929895,USA,North America,USA: Pennsylvania,Illumina MiSeq,wastewater,M23048201_library,PAIRED,PCR,METAGENOMIC,wastewater metagenome,ILLUMINA,2023-12-18T00:00:00Z,2023-12-18T19:04:00Z,1,M23048201,SRP475864,28809,24,raw wastewater,composite,no,SARS-CoV-2
SRR27251717,AMPLICON,175,184791050,PRJNA1039783,SAMN38720411,SARS-CoV-2: wastewater surveillance,105263846,PA_DOHBOL,10/9/23,public,"fastq,run.zq,activ_sars2_vcf,sra","ncbi,gs,s3","gs.US,s3.us-east-1,ncbi.public,gs.us-east1",SRX22929894,USA,North America,USA: Pennsylvania,Illumina MiSeq,wastewater,M23048195_library,PAIRED,PCR,METAGENOMIC,wastewater metagenome,ILLUMINA,2023-12-18T00:00:00Z,2023-12-18T19:04:00Z,1,M23048195,SRP475864,200000,24,raw wastewater,composite,no,SARS-CoV-2
SRR27251718,AMPLICON,176,209235519,PRJNA1039783,SAMN38720419,SARS-CoV-2: wastewater surveillance,120557929,PA_DOHBOL,10/11/23,public,"activ_sars2_vcf,fastq,sra,run.zq","ncbi,gs,s3","gs.us-east1,ncbi.public,gs.US,s3.us-east-1",SRX22929893,USA,North America,USA: Pennsylvania,Illumina MiSeq,wastewater,M23048210_library,PAIRED,PCR,METAGENOMIC,wastewater metagenome,ILLUMINA,2023-12-18T00:00:00Z,2023-12-18T19:05:00Z,1,M23048210,SRP475864,4600,24,post grit removal,composite,no,SARS-CoV-2
SRR27251719,AMPLICON,178,215817047,PRJNA1039783,SAMN38720410,SARS-CoV-2: wastewater surveillance,123715323,PA_DOHBOL,10/11/23,public,"sra,fastq,activ_sars2_vcf,run.zq","gs,s3,ncbi","gs.us-east1,s3.us-east-1,ncbi.public,gs.US",SRX22929892,USA,North America,USA: Pennsylvania,Illumina MiSeq,wastewater,M23048192_library,PAIRED,PCR,METAGENOMIC,wastewater metagenome,ILLUMINA,2023-12-18T00:00:00Z,2023-12-18T19:04:00Z,1,M23048192,SRP475864,14194,24,post grit removal,composite,no,SARS-CoV-2
SRR27251720,AMPLICON,174,203395621,PRJNA1039783,SAMN38720409,SARS-CoV-2: wastewater surveillance,116185464,PA_DOHBOL,10/11/23,public,"fastq,sra,run.zq,activ_sars2_vcf","ncbi,s3,gs","s3.us-east-1,gs.US,ncbi.public,gs.us-east1",SRX22929891,USA,North America,USA: Pennsylvania,Illumina MiSeq,wastewater,M23048190_library,PAIRED,PCR,METAGENOMIC,wastewater metagenome,ILLUMINA,2023-12-18T00:00:00Z,2023-12-18T19:03:00Z,1,M23048190,SRP475864,30000,24,raw wastewater,composite,no,SARS-CoV-2
SRR27067167,AMPLICON,171,256239210,PRJNA1039783,SAMN38578402,SARS-CoV-2: wastewater surveillance,133016703,PA_DOHBOL,6/21/23,public,"fastq,sra,run.zq,activ_sars2_vcf","s3,gs,ncbi","gs.us-east1,ncbi.public,s3.us-east-1,gs.US",SRX22756601,USA,North America,USA: Pennsylvania,Illumina MiSeq,wastewater,M23034196_library,PAIRED,PCR,METAGENOMIC,wastewater metagenome,ILLUMINA,2023-12-05T00:00:00Z,2023-12-05T08:07:00Z,1,M23034196,SRP475864,200000,24,post grit removal,composite,no,SARS-CoV-2
SRR27067168,AMPLICON,162,122590667,PRJNA1039783,SAMN38578401,SARS-CoV-2: wastewater surveillance,68131022,PA_DOHBOL,6/15/23,public,"run.zq,activ_sars2_vcf,fastq,sra","ncbi,gs,s3","gs.us-east1,gs.US,ncbi.public,s3.us-east-1",SRX22756600,USA,North America,USA: Pennsylvania,Illumina MiSeq,wastewater,M23033481_library,PAIRED,PCR,METAGENOMIC,wastewater metagenome,ILLUMINA,2023-12-05T00:00:00Z,2023-12-05T08:06:00Z,1,M23033481,SRP475864,200000,24,raw wastewater,composite,no,SARS-CoV-2